{"nlpie/bio-mobilebert": 0.09157848358154297, "nlpie/tiny-biobert": 0.05176830291748047, "roberta-base": 0.46604251861572266, "nlpie/distil-biobert": 0.24604511260986328, "dmis-lab/biobert-v1.1": 0.40447139739990234, "meta-llama/Llama-2-7b-hf": 24.739288330078125}